episode,episode_reward_total,episode_reward_avg,cumulative_reward,running_reward_avg,epsilon,episode_dropouts,cumulative_dropouts,q_table_states,training_episodes,action_0_count,action_1_count,action_2_count,action_3_count,action_4_count,action_5_count
1,0.431112,0.431112,0.431112,0.431112,0.297007,0,0,3,2,0,0,0,0,0,1
10,-0.908147,-0.908147,2.833158,0.283316,0.283906,1,1,17,11,0,0,0,1,0,0
20,0.319711,0.319711,5.444118,0.272206,0.270026,0,2,31,21,0,0,0,1,0,0
30,0.574299,0.574299,9.767756,0.325592,0.256825,0,2,47,31,0,0,0,1,0,0
40,0.307057,0.307057,13.956031,0.348901,0.244269,0,2,61,41,0,0,0,1,0,0
50,0.478527,0.478527,17.359347,0.347187,0.232326,0,3,76,51,0,0,0,0,0,1
60,0.456249,0.456249,20.801475,0.346691,0.220968,0,4,92,61,0,0,0,0,1,0
70,0.433119,0.433119,23.973831,0.342483,0.210165,0,5,110,71,0,0,0,1,0,0
80,0.442861,0.442861,28.743461,0.359293,0.19989,0,5,125,81,0,0,0,0,1,0
90,-0.840848,-0.840848,30.404328,0.337826,0.190117,1,7,140,91,0,1,0,0,0,0
100,0.364538,0.364538,34.761141,0.347611,0.180822,0,7,155,101,0,0,0,1,0,0
110,0.277116,0.277116,39.145312,0.355866,0.171982,0,7,169,111,0,0,0,0,1,0
120,0.539331,0.539331,44.112597,0.367605,0.163574,0,7,181,121,0,0,1,0,0,0
130,-0.838349,-0.838349,45.75944,0.351996,0.155577,1,9,195,131,1,0,0,0,0,0
140,0.548537,0.548537,50.129113,0.358065,0.147971,0,9,206,141,0,0,0,0,1,0
150,-0.841026,-0.841026,53.083975,0.353893,0.140736,1,10,222,151,0,0,0,0,1,0
160,-0.857661,-0.857661,54.841637,0.34276,0.133856,1,12,238,161,0,0,0,1,0,0
170,0.164782,0.164782,56.267033,0.330983,0.127312,0,14,253,171,0,1,0,0,0,0
180,0.474614,0.474614,57.898231,0.321657,0.121087,0,16,272,181,0,0,0,0,1,0
190,0.480322,0.480322,60.613595,0.319019,0.115167,0,17,288,191,0,1,0,0,0,0
200,0.455053,0.455053,64.597396,0.322987,0.109537,0,17,301,201,0,0,0,1,0,0
210,0.537749,0.537749,67.714124,0.322448,0.104182,0,18,315,211,0,0,1,0,0,0
220,0.558792,0.558792,70.045032,0.318387,0.099088,0,20,328,221,0,0,0,1,0,0
230,0.511543,0.511543,72.818909,0.316604,0.094244,0,21,342,231,0,0,1,0,0,0
240,0.531643,0.531643,76.092457,0.317052,0.089636,0,22,356,241,0,0,0,0,0,1
250,0.479706,0.479706,80.236285,0.320945,0.085254,0,22,369,251,0,1,0,0,0,0
260,0.365379,0.365379,83.049404,0.319421,0.081086,0,23,386,261,0,1,0,0,0,0
270,0.574001,0.574001,87.50683,0.324099,0.077122,0,23,402,271,1,0,0,0,0,0
280,0.50271,0.50271,91.682394,0.327437,0.073351,0,23,416,281,0,0,1,0,0,0
290,0.49106,0.49106,96.263663,0.331944,0.069765,0,23,432,291,1,0,0,0,0,0
300,0.311151,0.311151,101.099619,0.336999,0.066354,0,23,447,301,0,0,0,1,0,0
310,0.367786,0.367786,105.255796,0.339535,0.06311,0,23,461,311,0,0,0,0,1,0
320,0.530467,0.530467,109.79498,0.343109,0.060025,0,23,472,321,0,1,0,0,0,0
330,0.390144,0.390144,114.572945,0.347191,0.05709,0,23,486,331,0,1,0,0,0,0
340,0.488325,0.488325,118.022774,0.347126,0.054299,0,24,500,341,0,0,0,1,0,0
350,0.296141,0.296141,118.439243,0.338398,0.051644,0,27,516,351,0,0,0,1,0,0
360,0.312404,0.312404,122.38042,0.339946,0.05,0,27,529,361,0,1,0,0,0,0
370,0.442727,0.442727,125.699678,0.339729,0.05,0,28,545,371,0,0,1,0,0,0
380,0.343392,0.343392,128.084229,0.337064,0.05,0,29,559,381,0,0,0,0,0,1
390,0.484574,0.484574,132.476925,0.339684,0.05,0,29,574,391,0,1,0,0,0,0
400,0.586524,0.586524,137.511069,0.343778,0.05,0,29,590,401,0,1,0,0,0,0
410,0.525856,0.525856,141.694664,0.345597,0.05,0,29,606,411,0,1,0,0,0,0
420,0.472205,0.472205,146.693253,0.34927,0.05,0,29,619,421,1,0,0,0,0,0
430,0.430759,0.430759,149.611019,0.347933,0.05,0,30,635,431,0,0,1,0,0,0
440,-0.847902,-0.847902,151.108236,0.343428,0.05,1,32,649,441,0,0,0,0,0,1
450,0.557611,0.557611,154.662361,0.343694,0.05,0,33,663,451,1,0,0,0,0,0
460,0.478117,0.478117,157.880369,0.343218,0.05,0,34,679,461,0,1,0,0,0,0
470,0.483764,0.483764,161.027319,0.342611,0.05,0,35,693,471,0,0,0,1,0,0
480,0.333278,0.333278,164.532951,0.342777,0.05,0,36,709,481,1,0,0,0,0,0
490,0.537418,0.537418,169.352307,0.345617,0.05,0,36,724,491,0,0,1,0,0,0
500,0.411172,0.411172,173.91221,0.347824,0.05,0,36,739,501,0,1,0,0,0,0
510,0.327007,0.327007,175.959047,0.345018,0.05,0,38,753,511,1,0,0,0,0,0
520,0.298871,0.298871,178.896568,0.344032,0.05,0,39,771,521,0,0,0,0,0,1
530,0.416261,0.416261,182.08433,0.343555,0.05,0,40,789,531,0,0,1,0,0,0
540,0.558473,0.558473,185.952931,0.344357,0.05,0,40,805,541,0,0,0,0,0,1
550,0.474207,0.474207,189.011882,0.343658,0.05,0,41,820,551,0,0,1,0,0,0
560,-0.849027,-0.849027,192.420293,0.343608,0.05,1,42,835,561,0,0,0,0,0,1
570,0.404796,0.404796,196.60824,0.344927,0.05,0,42,850,571,0,0,0,0,1,0
580,0.319584,0.319584,199.3493,0.343706,0.05,0,43,866,581,0,1,0,0,0,0
590,0.318688,0.318688,202.272561,0.342835,0.05,0,44,878,591,1,0,0,0,0,0
600,0.401084,0.401084,203.638672,0.339398,0.05,0,46,893,601,0,0,0,0,1,0
610,0.308221,0.308221,207.373861,0.339957,0.05,0,46,907,611,0,0,1,0,0,0
620,0.52649,0.52649,212.045501,0.342009,0.05,0,46,922,621,0,1,0,0,0,0
630,0.447779,0.447779,216.539106,0.343713,0.05,0,46,935,631,0,0,0,0,1,0
640,-0.8765,-0.8765,219.277359,0.342621,0.05,1,47,948,641,0,0,0,0,1,0
650,0.530604,0.530604,223.723054,0.344189,0.05,0,47,963,651,0,0,0,0,0,1
660,0.277379,0.277379,226.66928,0.343438,0.05,0,48,975,661,0,0,0,0,1,0
670,0.460155,0.460155,230.43657,0.343935,0.05,0,49,993,671,0,0,1,0,0,0
680,0.563559,0.563559,235.27281,0.345989,0.05,0,49,1010,681,0,0,0,0,1,0
690,0.648869,0.648869,239.932425,0.347728,0.05,0,49,1023,691,1,0,0,0,0,0
700,0.45576,0.45576,242.906239,0.347009,0.05,0,50,1035,701,0,0,0,0,1,0
710,0.57331,0.57331,245.828549,0.346237,0.05,0,51,1048,711,0,0,1,0,0,0
720,0.557419,0.557419,249.559421,0.34661,0.05,0,52,1067,721,0,0,0,0,1,0
730,0.271447,0.271447,253.573492,0.347361,0.05,0,52,1084,731,0,0,1,0,0,0
740,0.587733,0.587733,256.7877,0.34701,0.05,0,53,1100,741,0,0,0,0,1,0
750,0.495381,0.495381,259.799075,0.346399,0.05,0,54,1115,751,0,0,0,0,1,0
760,0.413406,0.413406,262.796007,0.345784,0.05,0,55,1129,761,0,0,0,0,0,1
770,-0.910676,-0.910676,264.761328,0.343846,0.05,1,57,1144,771,1,0,0,0,0,0
780,0.453035,0.453035,268.886396,0.344726,0.05,0,57,1157,781,1,0,0,0,0,0
790,0.488436,0.488436,273.391083,0.346065,0.05,0,57,1169,791,0,0,0,0,0,1
800,0.351425,0.351425,275.178926,0.343974,0.05,0,59,1184,801,0,0,0,1,0,0
810,0.56353,0.56353,279.562479,0.345139,0.05,0,59,1199,811,0,0,1,0,0,0
820,0.455348,0.455348,283.6467,0.345911,0.05,0,59,1212,821,0,1,0,0,0,0
830,0.458162,0.458162,288.268542,0.347311,0.05,0,59,1226,831,0,1,0,0,0,0
840,0.269373,0.269373,292.711264,0.348466,0.05,0,59,1242,841,0,0,0,1,0,0
850,0.280722,0.280722,294.252051,0.346179,0.05,0,61,1258,851,0,0,0,0,0,1
860,0.478451,0.478451,297.272752,0.345666,0.05,0,62,1272,861,0,1,0,0,0,0
870,-0.843871,-0.843871,299.034959,0.343718,0.05,1,64,1288,871,0,0,0,0,0,1
880,0.535269,0.535269,302.348393,0.343578,0.05,0,65,1303,881,0,0,0,0,1,0
890,0.471576,0.471576,305.54097,0.343304,0.05,0,66,1318,891,0,0,0,0,0,1
900,0.546435,0.546435,309.927902,0.344364,0.05,0,66,1334,901,1,0,0,0,0,0
910,0.534608,0.534608,314.444908,0.345544,0.05,0,66,1348,911,0,0,0,1,0,0
920,0.497343,0.497343,318.874193,0.346602,0.05,0,66,1363,921,1,0,0,0,0,0
930,0.601435,0.601435,319.554816,0.343607,0.05,0,69,1378,931,0,0,0,0,0,1
940,0.359444,0.359444,322.263331,0.342833,0.05,0,70,1394,941,0,0,1,0,0,0
950,0.529399,0.529399,325.359707,0.342484,0.05,0,71,1410,951,0,0,1,0,0,0
960,0.520187,0.520187,328.275444,0.341954,0.05,0,72,1423,961,1,0,0,0,0,0
970,0.567205,0.567205,331.25698,0.341502,0.05,0,73,1440,971,1,0,0,0,0,0
980,0.357521,0.357521,336.029526,0.342887,0.05,0,73,1455,981,0,1,0,0,0,0
990,-0.869649,-0.869649,339.042208,0.342467,0.05,1,74,1470,991,0,0,0,0,0,1
1000,0.471819,0.471819,342.059106,0.342059,0.05,0,75,1485,1001,0,0,0,1,0,0
1010,0.40026,0.40026,346.838457,0.343404,0.05,0,75,1501,1011,1,0,0,0,0,0
1020,0.588384,0.588384,349.472452,0.34262,0.05,0,76,1516,1021,0,0,1,0,0,0
1030,0.440676,0.440676,352.257631,0.341998,0.05,0,77,1530,1031,1,0,0,0,0,0
1040,-0.865058,-0.865058,354.107855,0.340488,0.05,1,79,1546,1041,0,0,0,0,1,0
1050,-0.86425,-0.86425,356.803195,0.339813,0.05,1,80,1560,1051,1,0,0,0,0,0
1060,0.430249,0.430249,358.978026,0.338659,0.05,0,82,1576,1061,0,0,0,1,0,0
1070,0.381085,0.381085,361.738941,0.338074,0.05,0,83,1590,1071,0,0,0,0,1,0
1080,0.494376,0.494376,366.328054,0.339193,0.05,0,83,1603,1081,0,0,1,0,0,0
1090,0.575676,0.575676,370.475703,0.339886,0.05,0,83,1616,1091,1,0,0,0,0,0
1100,0.314825,0.314825,374.445467,0.340405,0.05,0,83,1631,1101,1,0,0,0,0,0
1110,0.398194,0.398194,378.29004,0.340802,0.05,0,83,1644,1111,0,1,0,0,0,0
1120,0.377587,0.377587,382.091446,0.341153,0.05,0,83,1658,1121,0,0,0,1,0,0
1130,-0.9161,-0.9161,383.591889,0.339462,0.05,1,85,1674,1131,0,0,0,1,0,0
1140,0.233956,0.233956,386.511819,0.339045,0.05,0,86,1687,1141,0,0,0,0,0,1
1150,0.338884,0.338884,389.595421,0.338779,0.05,0,87,1701,1151,0,0,0,1,0,0
1160,0.420758,0.420758,392.573851,0.338426,0.05,0,88,1715,1161,0,0,0,0,0,1
1170,0.461724,0.461724,395.543459,0.338071,0.05,0,89,1733,1171,0,0,1,0,0,0
1180,-0.85069,-0.85069,399.000386,0.338136,0.05,1,90,1746,1181,0,0,0,0,1,0
1190,0.451481,0.451481,399.277811,0.335528,0.05,0,93,1762,1191,0,0,0,0,1,0
1200,0.459093,0.459093,403.604723,0.336337,0.05,0,93,1775,1201,0,0,0,0,1,0
1210,0.295828,0.295828,407.911771,0.337117,0.05,0,93,1790,1211,1,0,0,0,0,0
1220,0.596745,0.596745,412.174312,0.337848,0.05,0,93,1807,1221,0,1,0,0,0,0
1230,0.488184,0.488184,415.284686,0.33763,0.05,0,94,1821,1231,0,0,0,0,0,1
1240,0.542776,0.542776,419.688042,0.338458,0.05,0,94,1836,1241,1,0,0,0,0,0
1250,0.413716,0.413716,422.855546,0.338284,0.05,0,95,1851,1251,0,0,0,1,0,0
1260,0.464238,0.464238,424.442694,0.336859,0.05,0,97,1866,1261,0,1,0,0,0,0
1270,0.257419,0.257419,428.614461,0.337492,0.05,0,97,1882,1271,0,0,0,0,0,1
1280,0.496455,0.496455,431.870491,0.337399,0.05,0,98,1899,1281,0,0,0,0,0,1
1290,0.237074,0.237074,436.374834,0.338275,0.05,0,98,1912,1291,0,0,0,1,0,0
1300,0.549804,0.549804,439.425551,0.33802,0.05,0,99,1927,1301,0,0,1,0,0,0
1310,0.52115,0.52115,443.220508,0.338336,0.05,0,100,1943,1311,0,0,0,0,0,1
1320,0.488019,0.488019,447.190094,0.33878,0.05,0,100,1958,1321,0,1,0,0,0,0
1330,0.385996,0.385996,451.555949,0.339516,0.05,0,100,1973,1331,0,0,0,0,0,1
1340,0.354531,0.354531,455.600112,0.34,0.05,0,100,1986,1341,0,0,0,1,0,0
1350,0.408294,0.408294,459.93355,0.340692,0.05,0,100,2003,1351,1,0,0,0,0,0
1360,0.33998,0.33998,463.365087,0.34071,0.05,0,101,2019,1361,0,0,1,0,0,0
1370,0.589425,0.589425,467.512616,0.34125,0.05,0,101,2032,1371,0,0,0,0,1,0
1380,0.586347,0.586347,470.338912,0.340825,0.05,0,102,2048,1381,0,0,1,0,0,0
1390,0.506376,0.506376,475.234696,0.341895,0.05,0,102,2062,1391,0,0,1,0,0,0
1400,0.438963,0.438963,478.079685,0.341485,0.05,0,103,2078,1401,0,0,0,1,0,0
1410,0.496202,0.496202,482.683133,0.342328,0.05,0,103,2091,1411,0,0,1,0,0,0
1420,0.510123,0.510123,487.191651,0.343093,0.05,0,103,2106,1421,0,0,1,0,0,0
1430,0.528284,0.528284,491.761855,0.343889,0.05,0,103,2120,1431,0,0,0,0,0,1
1440,0.492498,0.492498,494.704018,0.343544,0.05,0,104,2135,1441,0,0,1,0,0,0
1450,0.279936,0.279936,497.536859,0.343129,0.05,0,105,2149,1451,0,0,0,0,1,0
1460,0.294723,0.294723,499.233497,0.341941,0.05,0,107,2165,1461,0,1,0,0,0,0
1470,0.360566,0.360566,503.90437,0.342792,0.05,0,107,2177,1471,1,0,0,0,0,0
1480,0.526098,0.526098,508.577277,0.343633,0.05,0,107,2192,1481,0,0,0,1,0,0
1490,0.296364,0.296364,511.776456,0.343474,0.05,0,108,2206,1491,0,0,0,0,1,0
1500,0.432431,0.432431,515.441729,0.343628,0.05,0,109,2223,1501,0,1,0,0,0,0
1510,0.605331,0.605331,518.583403,0.343433,0.05,0,110,2238,1511,0,0,1,0,0,0
1520,0.571445,0.571445,523.189567,0.344204,0.05,0,110,2253,1521,0,0,1,0,0,0
1530,0.373865,0.373865,527.465019,0.344748,0.05,0,110,2267,1531,0,0,0,0,1,0
1540,0.357184,0.357184,531.950366,0.345422,0.05,0,110,2283,1541,0,1,0,0,0,0
1550,0.580856,0.580856,535.514097,0.345493,0.05,0,111,2295,1551,0,0,0,0,1,0
1560,0.510143,0.510143,537.553664,0.344586,0.05,0,113,2309,1561,0,1,0,0,0,0
1570,0.399091,0.399091,540.198935,0.344076,0.05,0,114,2325,1571,0,0,0,1,0,0
1580,0.37949,0.37949,541.922067,0.342989,0.05,0,116,2342,1581,0,1,0,0,0,0
1590,0.357811,0.357811,546.392382,0.343643,0.05,0,116,2356,1591,0,0,0,1,0,0
1600,0.299473,0.299473,549.134829,0.343209,0.05,0,117,2372,1601,0,0,1,0,0,0
1610,0.488791,0.488791,553.372762,0.34371,0.05,0,117,2386,1611,0,0,0,0,1,0
1620,0.33528,0.33528,555.649146,0.342993,0.05,0,118,2401,1621,0,0,1,0,0,0
1630,0.276455,0.276455,559.919691,0.343509,0.05,0,118,2417,1631,0,0,0,0,0,1
1640,-0.848161,-0.848161,559.649257,0.34125,0.05,1,121,2431,1641,0,0,1,0,0,0
1650,-0.870715,-0.870715,562.374513,0.340833,0.05,1,122,2445,1651,0,0,0,0,0,1
1660,0.523028,0.523028,566.800038,0.341446,0.05,0,122,2461,1661,1,0,0,0,0,0
1670,-0.861169,-0.861169,567.907077,0.340064,0.05,1,124,2476,1671,0,0,0,0,0,1
1680,0.259614,0.259614,569.192171,0.338805,0.05,0,126,2492,1681,0,0,0,1,0,0
1690,0.51748,0.51748,572.298502,0.338638,0.05,0,127,2509,1691,0,0,0,0,0,1
1700,0.534856,0.534856,575.578563,0.338576,0.05,0,128,2524,1701,0,1,0,0,0,0
1710,0.33305,0.33305,579.694511,0.339003,0.05,0,128,2540,1711,0,0,0,0,1,0
1720,0.43133,0.43133,584.622712,0.339897,0.05,0,128,2556,1721,1,0,0,0,0,0
1730,-0.910482,-0.910482,587.341909,0.339504,0.05,1,129,2570,1731,0,1,0,0,0,0
1740,0.584346,0.584346,592.160462,0.340322,0.05,0,129,2584,1741,0,0,0,0,1,0
1750,-0.876105,-0.876105,595.924234,0.340528,0.05,1,130,2600,1751,0,0,0,1,0,0
1760,0.434483,0.434483,598.803539,0.340229,0.05,0,131,2616,1761,0,0,0,0,1,0
1770,0.226228,0.226228,602.606302,0.340456,0.05,0,131,2629,1771,0,0,0,1,0,0
1780,0.43734,0.43734,605.725883,0.340295,0.05,0,132,2645,1781,0,0,0,0,0,1
1790,0.500508,0.500508,608.646231,0.340026,0.05,0,133,2661,1791,0,0,0,0,0,1
1800,0.617361,0.617361,612.291603,0.340162,0.05,0,134,2677,1801,0,0,1,0,0,0
1810,0.401526,0.401526,616.656976,0.340694,0.05,0,134,2688,1811,0,1,0,0,0,0
1820,0.447974,0.447974,621.585772,0.341531,0.05,0,134,2704,1821,0,0,1,0,0,0
1830,0.343818,0.343818,625.690922,0.341908,0.05,0,134,2718,1831,1,0,0,0,0,0
1840,0.512918,0.512918,628.864143,0.341774,0.05,0,135,2731,1841,0,0,0,0,0,1
1850,0.404691,0.404691,631.980621,0.341611,0.05,0,136,2745,1851,0,0,1,0,0,0
1860,0.442023,0.442023,636.801132,0.342366,0.05,0,136,2761,1861,0,0,0,0,1,0
1870,0.516963,0.516963,639.564838,0.342013,0.05,0,137,2775,1871,0,0,0,1,0,0
1880,0.34121,0.34121,640.999461,0.340957,0.05,0,139,2792,1881,0,1,0,0,0,0
1890,0.23966,0.23966,645.22243,0.341388,0.05,0,139,2806,1891,0,0,0,1,0,0
1900,0.573982,0.573982,649.352857,0.341765,0.05,0,139,2819,1901,0,0,0,1,0,0
1910,0.494176,0.494176,653.941293,0.342378,0.05,0,139,2835,1911,0,0,0,0,0,1
1920,0.382406,0.382406,658.131364,0.342777,0.05,0,139,2848,1921,0,0,0,0,1,0
1930,0.466322,0.466322,662.181016,0.343099,0.05,0,139,2861,1931,0,1,0,0,0,0
1940,0.509582,0.509582,664.394022,0.342471,0.05,0,140,2878,1941,0,1,0,0,0,0
1950,0.269605,0.269605,669.158159,0.343158,0.05,0,140,2892,1951,0,0,1,0,0,0
1960,0.53056,0.53056,671.101842,0.342399,0.05,0,142,2906,1961,0,0,0,0,0,1
1970,0.409124,0.409124,675.471752,0.342879,0.05,0,142,2920,1971,0,1,0,0,0,0
1980,0.675819,0.675819,680.389661,0.343631,0.05,0,142,2932,1981,0,0,1,0,0,0
1990,0.447973,0.447973,683.38482,0.343409,0.05,0,143,2945,1991,0,0,0,0,0,1
2000,0.496002,0.496002,686.390812,0.343195,0.05,0,144,2962,2001,1,0,0,0,0,0
2010,0.329448,0.329448,690.694093,0.343629,0.05,0,144,2978,2011,0,0,0,0,1,0
2020,0.403535,0.403535,694.912981,0.344016,0.05,0,144,2991,2021,0,0,1,0,0,0
2030,0.657767,0.657767,698.084786,0.343884,0.05,0,145,3006,2031,0,0,1,0,0,0
2040,0.394055,0.394055,702.285461,0.344258,0.05,0,145,3021,2041,0,0,0,0,1,0
2050,0.512471,0.512471,705.326626,0.344062,0.05,0,146,3036,2051,0,0,1,0,0,0
2060,0.460287,0.460287,709.729971,0.344529,0.05,0,146,3053,2061,0,0,1,0,0,0
2070,0.47338,0.47338,714.43053,0.345136,0.05,0,146,3064,2071,0,0,0,1,0,0
2080,0.463417,0.463417,717.849015,0.34512,0.05,0,147,3079,2081,0,0,0,0,1,0
2090,0.531744,0.531744,722.436254,0.345663,0.05,0,147,3093,2091,0,1,0,0,0,0
2100,0.59078,0.59078,725.760842,0.3456,0.05,0,148,3106,2101,0,0,1,0,0,0
2110,0.490037,0.490037,728.79418,0.3454,0.05,0,149,3124,2111,1,0,0,0,0,0
2120,0.355603,0.355603,732.049061,0.345306,0.05,0,150,3141,2121,0,0,0,1,0,0
2130,0.516282,0.516282,736.188747,0.345629,0.05,0,150,3155,2131,0,0,0,0,0,1
2140,0.394795,0.394795,741.143039,0.346329,0.05,0,150,3170,2141,0,0,0,0,1,0
2150,0.337005,0.337005,741.619184,0.344939,0.05,0,153,3186,2151,0,0,0,0,0,1
2160,0.493203,0.493203,746.32776,0.345522,0.05,0,153,3201,2161,0,0,0,0,1,0
2170,0.484928,0.484928,749.12832,0.34522,0.05,0,154,3216,2171,0,0,0,0,0,1
2180,0.434619,0.434619,753.799665,0.34578,0.05,0,154,3228,2181,0,0,0,0,0,1
2190,0.260167,0.260167,756.763373,0.345554,0.05,0,155,3242,2191,0,1,0,0,0,0
2200,0.378466,0.378466,759.626021,0.345285,0.05,0,156,3257,2201,0,0,0,0,1,0
2210,0.533532,0.533532,764.234695,0.345808,0.05,0,156,3273,2211,0,0,1,0,0,0
2220,0.353424,0.353424,768.430319,0.34614,0.05,0,156,3286,2221,0,0,0,1,0,0
2230,0.305588,0.305588,772.362315,0.346351,0.05,0,156,3301,2231,1,0,0,0,0,0
2240,0.365068,0.365068,776.744166,0.346761,0.05,0,156,3316,2241,0,0,0,0,1,0
2250,0.581317,0.581317,781.50931,0.347337,0.05,0,156,3327,2251,0,0,0,1,0,0
2260,0.497423,0.497423,784.922334,0.347311,0.05,0,157,3343,2261,0,0,1,0,0,0
2270,0.511214,0.511214,789.279236,0.3477,0.05,0,157,3359,2271,0,0,1,0,0,0
2280,0.5732,0.5732,791.027975,0.346942,0.05,0,159,3375,2281,0,1,0,0,0,0
2290,0.533211,0.533211,794.131505,0.346782,0.05,0,160,3390,2291,0,0,0,1,0,0
2300,0.281603,0.281603,798.370107,0.347117,0.05,0,160,3404,2301,1,0,0,0,0,0
2310,0.595027,0.595027,802.989663,0.347615,0.05,0,160,3419,2311,0,0,0,1,0,0
2320,-0.85641,-0.85641,804.762323,0.34688,0.05,1,162,3437,2321,0,0,0,0,0,1
2330,0.362204,0.362204,809.150025,0.347275,0.05,0,162,3453,2331,0,0,0,0,1,0
2340,0.301602,0.301602,812.297681,0.347136,0.05,0,163,3469,2341,1,0,0,0,0,0
2350,0.559365,0.559365,815.068286,0.346838,0.05,0,164,3484,2351,1,0,0,0,0,0
2360,0.495003,0.495003,819.68151,0.347323,0.05,0,164,3499,2361,0,0,0,0,1,0
2370,0.489806,0.489806,821.724241,0.346719,0.05,0,166,3515,2371,0,1,0,0,0,0
2380,0.423069,0.423069,826.070601,0.347088,0.05,0,166,3528,2381,0,1,0,0,0,0
2390,0.297775,0.297775,829.97162,0.347268,0.05,0,166,3542,2391,0,1,0,0,0,0
2400,0.385338,0.385338,834.16669,0.347569,0.05,0,166,3558,2401,1,0,0,0,0,0
2410,0.369503,0.369503,838.35856,0.347867,0.05,0,166,3573,2411,0,0,0,1,0,0
2420,0.486447,0.486447,841.614039,0.347774,0.05,0,167,3588,2421,1,0,0,0,0,0
2430,0.347432,0.347432,842.90983,0.346876,0.05,0,169,3603,2431,0,1,0,0,0,0
2440,0.364897,0.364897,845.677777,0.346589,0.05,0,170,3617,2441,1,0,0,0,0,0
2450,0.427384,0.427384,850.252054,0.347042,0.05,0,170,3633,2451,1,0,0,0,0,0
2460,0.356032,0.356032,854.997224,0.34756,0.05,0,170,3647,2461,0,0,0,0,1,0
2470,0.39125,0.39125,857.759458,0.347271,0.05,0,171,3663,2471,0,0,0,0,0,1
2480,0.221632,0.221632,860.367255,0.346922,0.05,0,172,3679,2481,1,0,0,0,0,0
2490,0.428059,0.428059,864.85484,0.347331,0.05,0,172,3695,2491,0,0,1,0,0,0
2500,0.347241,0.347241,868.75085,0.3475,0.05,0,172,3710,2501,0,0,1,0,0,0
2510,0.333524,0.333524,872.90475,0.347771,0.05,0,172,3727,2511,1,0,0,0,0,0
2520,0.550389,0.550389,875.818255,0.347547,0.05,0,173,3743,2521,0,0,1,0,0,0
2530,0.396125,0.396125,879.921132,0.347795,0.05,0,173,3757,2531,0,0,0,0,1,0
2540,0.302644,0.302644,881.679528,0.347118,0.05,0,175,3773,2541,0,0,1,0,0,0
2550,0.556136,0.556136,884.850119,0.347,0.05,0,176,3790,2551,0,0,0,0,0,1
2560,0.374764,0.374764,889.384591,0.347416,0.05,0,176,3804,2561,0,0,0,0,0,1
2570,0.572006,0.572006,893.709776,0.347747,0.05,0,176,3817,2571,0,0,0,1,0,0
2580,0.311716,0.311716,898.445259,0.348235,0.05,0,176,3832,2581,0,0,1,0,0,0
2590,0.47174,0.47174,901.537003,0.348084,0.05,0,177,3846,2591,0,0,0,0,1,0
2600,0.532434,0.532434,904.136883,0.347745,0.05,0,178,3861,2601,1,0,0,0,0,0
2610,0.32838,0.32838,908.045634,0.34791,0.05,0,178,3876,2611,0,0,0,1,0,0
2620,0.426981,0.426981,912.273931,0.348196,0.05,0,178,3890,2621,1,0,0,0,0,0
2630,0.470411,0.470411,916.545331,0.348496,0.05,0,178,3903,2631,0,1,0,0,0,0
2640,0.509958,0.509958,921.265079,0.348964,0.05,0,178,3918,2641,0,0,0,0,0,1
2650,0.403245,0.403245,926.251643,0.349529,0.05,0,178,3933,2651,0,0,0,1,0,0
2660,0.54748,0.54748,929.773544,0.349539,0.05,0,179,3951,2661,0,0,1,0,0,0
2670,0.354889,0.354889,934.127338,0.34986,0.05,0,179,3964,2671,1,0,0,0,0,0
2680,0.571112,0.571112,939.240573,0.350463,0.05,0,179,3976,2681,0,0,1,0,0,0
2690,0.443347,0.443347,941.928061,0.350159,0.05,0,180,3992,2691,0,0,1,0,0,0
2700,0.575366,0.575366,945.657093,0.350243,0.05,0,181,4009,2701,0,1,0,0,0,0
2710,0.542149,0.542149,949.537186,0.350383,0.05,0,181,4024,2711,0,1,0,0,0,0
2720,0.373292,0.373292,952.271502,0.3501,0.05,0,182,4040,2721,0,0,1,0,0,0
2730,0.5442,0.5442,957.166456,0.35061,0.05,0,182,4053,2731,0,0,0,0,0,1
2740,0.412911,0.412911,962.253347,0.351187,0.05,0,182,4066,2741,1,0,0,0,0,0
2750,0.540588,0.540588,966.170142,0.351335,0.05,0,183,4080,2751,1,0,0,0,0,0
2760,0.477366,0.477366,970.375084,0.351585,0.05,0,183,4096,2761,0,0,0,1,0,0
2770,0.374237,0.374237,973.070292,0.351289,0.05,0,184,4111,2771,1,0,0,0,0,0
2780,0.289161,0.289161,977.380268,0.351576,0.05,0,184,4125,2781,0,0,0,0,1,0
2790,0.45471,0.45471,981.082901,0.351643,0.05,0,184,4139,2791,0,0,0,0,1,0
2800,-0.876507,-0.876507,983.908995,0.351396,0.05,1,185,4154,2801,0,0,0,0,0,1
2810,0.521013,0.521013,986.943175,0.351225,0.05,0,186,4170,2811,0,0,1,0,0,0
2820,0.410748,0.410748,991.414724,0.351566,0.05,0,186,4184,2821,0,0,0,0,0,1
2830,0.572434,0.572434,996.12512,0.351988,0.05,0,186,4198,2831,0,0,0,0,0,1
2840,0.298931,0.298931,1000.30482,0.35222,0.05,0,186,4213,2841,0,0,0,0,0,1
2850,0.3446,0.3446,1004.435463,0.352433,0.05,0,186,4231,2851,0,0,1,0,0,0
2860,0.421859,0.421859,1007.544764,0.352288,0.05,0,187,4247,2861,0,0,1,0,0,0
2870,0.476236,0.476236,1011.994623,0.352611,0.05,0,187,4263,2871,0,0,0,1,0,0
2880,0.388954,0.388954,1015.844611,0.352724,0.05,0,188,4279,2881,0,0,1,0,0,0
2890,0.500623,0.500623,1020.448212,0.353096,0.05,0,188,4296,2891,0,0,0,1,0,0
2900,0.60936,0.60936,1023.515451,0.352936,0.05,0,189,4310,2901,0,0,1,0,0,0
2910,0.369708,0.369708,1027.649108,0.353144,0.05,0,189,4323,2911,0,0,0,0,0,1
2920,0.34467,0.34467,1030.687682,0.352975,0.05,0,190,4339,2921,0,0,0,1,0,0
2930,0.486002,0.486002,1033.428548,0.352706,0.05,0,191,4354,2931,0,0,0,0,0,1
2940,0.367657,0.367657,1035.931248,0.352358,0.05,0,192,4369,2941,0,0,1,0,0,0
2950,0.3289,0.3289,1039.95548,0.352527,0.05,0,192,4384,2951,0,0,1,0,0,0
2960,-0.858588,-0.858588,1042.82326,0.352305,0.05,1,193,4396,2961,1,0,0,0,0,0
2970,0.41916,0.41916,1045.568017,0.352043,0.05,0,194,4412,2971,1,0,0,0,0,0
2980,0.369665,0.369665,1046.272508,0.351098,0.05,0,197,4430,2981,0,0,1,0,0,0
2990,0.382669,0.382669,1050.474235,0.351329,0.05,0,197,4444,2991,0,1,0,0,0,0
3000,0.416657,0.416657,1054.589967,0.35153,0.05,0,197,4456,3001,0,0,0,1,0,0
3010,0.386629,0.386629,1056.443587,0.350978,0.05,0,199,4470,3011,0,0,0,0,1,0
3020,0.429821,0.429821,1060.715897,0.35123,0.05,0,199,4485,3021,0,0,0,0,1,0
3030,-0.872989,-0.872989,1063.553377,0.351008,0.05,1,200,4500,3031,0,0,1,0,0,0
3040,0.454113,0.454113,1066.873304,0.350945,0.05,0,201,4517,3041,0,0,0,0,0,1
3050,0.31334,0.31334,1069.707985,0.350724,0.05,0,202,4532,3051,0,0,0,1,0,0
3060,0.26898,0.26898,1074.248021,0.351061,0.05,0,202,4548,3061,1,0,0,0,0,0
3070,0.312323,0.312323,1075.961463,0.350476,0.05,0,204,4562,3071,0,0,1,0,0,0
3080,0.596709,0.596709,1078.078217,0.350025,0.05,0,206,4577,3081,0,0,1,0,0,0
3090,0.512651,0.512651,1081.363781,0.349956,0.05,0,207,4592,3091,0,0,0,1,0,0
3100,0.473179,0.473179,1085.577913,0.350186,0.05,0,207,4606,3101,0,0,0,1,0,0
3110,0.411385,0.411385,1088.517257,0.350006,0.05,0,208,4623,3111,0,0,1,0,0,0
3120,0.551606,0.551606,1092.950544,0.350305,0.05,0,208,4638,3121,0,1,0,0,0,0
3130,0.676357,0.676357,1096.375342,0.35028,0.05,0,209,4651,3131,0,1,0,0,0,0
3140,0.212382,0.212382,1099.084728,0.350027,0.05,0,210,4666,3141,1,0,0,0,0,0
3150,0.397328,0.397328,1100.829969,0.34947,0.05,0,212,4680,3151,0,0,1,0,0,0
3160,0.421724,0.421724,1103.519011,0.349215,0.05,0,213,4695,3161,0,1,0,0,0,0
3170,0.434024,0.434024,1103.874547,0.348225,0.05,0,216,4710,3171,0,0,0,0,1,0
3180,0.437733,0.437733,1108.482212,0.348579,0.05,0,216,4724,3181,0,0,1,0,0,0
3190,0.541257,0.541257,1113.050491,0.348919,0.05,0,216,4738,3191,0,1,0,0,0,0
3200,0.57884,0.57884,1117.575925,0.349242,0.05,0,216,4752,3201,0,0,0,0,0,1
3210,0.522552,0.522552,1122.000278,0.349533,0.05,0,216,4767,3211,0,0,1,0,0,0
3220,0.454532,0.454532,1124.636256,0.349266,0.05,0,217,4783,3221,0,0,1,0,0,0
3230,0.459074,0.459074,1128.65034,0.349427,0.05,0,217,4796,3231,0,1,0,0,0,0
3240,0.349559,0.349559,1132.467806,0.349527,0.05,0,217,4810,3241,0,0,1,0,0,0
3250,-0.867139,-0.867139,1134.100513,0.348954,0.05,1,219,4824,3251,0,0,1,0,0,0
3260,0.31198,0.31198,1138.514988,0.349238,0.05,0,219,4838,3261,0,1,0,0,0,0
3270,0.355007,0.355007,1141.12447,0.348968,0.05,0,220,4854,3271,0,0,0,1,0,0
3280,0.378251,0.378251,1144.162438,0.34883,0.05,0,221,4868,3281,0,0,1,0,0,0
3290,0.382915,0.382915,1148.023123,0.348943,0.05,0,221,4884,3291,0,0,0,0,0,1
3300,-0.877015,-0.877015,1151.134633,0.348829,0.05,1,222,4898,3301,0,0,0,0,0,1
3310,0.303348,0.303348,1156.143303,0.349288,0.05,0,222,4912,3311,0,0,1,0,0,0
3320,-0.910826,-0.910826,1157.849632,0.34875,0.05,1,224,4925,3321,0,1,0,0,0,0
3330,0.427718,0.427718,1161.436763,0.34878,0.05,0,225,4939,3331,0,0,0,1,0,0
3340,0.527959,0.527959,1165.512803,0.348956,0.05,0,225,4952,3341,1,0,0,0,0,0
3350,0.506448,0.506448,1170.103811,0.349285,0.05,0,225,4967,3351,0,0,0,0,1,0
3360,0.279004,0.279004,1173.802417,0.349346,0.05,0,226,4981,3361,1,0,0,0,0,0
3370,0.426806,0.426806,1176.813114,0.349203,0.05,0,227,4996,3371,0,0,0,1,0,0
3380,0.501684,0.501684,1180.170517,0.349163,0.05,0,228,5012,3381,0,0,0,0,0,1
3390,0.328708,0.328708,1184.3295,0.34936,0.05,0,228,5026,3391,0,0,0,0,0,1
3400,0.562285,0.562285,1188.953848,0.349692,0.05,0,228,5041,3401,0,1,0,0,0,0
3410,0.309459,0.309459,1193.598729,0.350029,0.05,0,228,5055,3411,0,0,1,0,0,0
3420,0.352759,0.352759,1196.664321,0.349902,0.05,0,229,5070,3421,0,0,0,0,1,0
3430,0.403724,0.403724,1199.925741,0.349833,0.05,0,230,5084,3431,0,0,0,1,0,0
3440,0.446748,0.446748,1204.450392,0.350131,0.05,0,230,5097,3441,0,0,0,0,0,1
3450,0.427847,0.427847,1208.406704,0.350263,0.05,0,230,5115,3451,0,0,1,0,0,0
3460,0.486932,0.486932,1211.474248,0.350137,0.05,0,231,5131,3461,0,0,1,0,0,0
3470,0.501179,0.501179,1216.567974,0.350596,0.05,0,231,5148,3471,0,0,0,0,1,0
3480,0.348044,0.348044,1220.53499,0.350728,0.05,0,231,5164,3481,0,0,0,1,0,0
3490,0.621884,0.621884,1224.902249,0.350975,0.05,0,231,5180,3491,0,1,0,0,0,0
3500,0.645405,0.645405,1229.408151,0.351259,0.05,0,231,5195,3501,1,0,0,0,0,0
3510,0.557321,0.557321,1232.17978,0.351048,0.05,0,232,5210,3511,0,0,0,0,0,1
3520,0.36301,0.36301,1236.666584,0.351326,0.05,0,232,5222,3521,0,0,0,0,1,0
3530,0.357193,0.357193,1238.25489,0.35078,0.05,0,234,5238,3531,0,0,0,0,1,0
3540,0.646382,0.646382,1242.1876,0.3509,0.05,0,234,5254,3541,0,0,0,1,0,0
3550,0.586902,0.586902,1245.867144,0.350948,0.05,0,235,5268,3551,0,0,0,0,1,0
3560,-0.84945,-0.84945,1247.719785,0.350483,0.05,1,237,5285,3561,0,0,0,1,0,0
3570,0.375281,0.375281,1250.51256,0.350284,0.05,0,238,5300,3571,0,0,0,1,0,0
3580,0.534851,0.534851,1255.159853,0.350603,0.05,0,238,5312,3581,0,0,0,0,1,0
3590,0.393752,0.393752,1259.498964,0.350835,0.05,0,238,5328,3591,0,0,0,1,0,0
3600,0.464458,0.464458,1264.008071,0.351113,0.05,0,238,5342,3601,0,0,0,1,0,0
3610,-0.938663,-0.938663,1266.899066,0.350942,0.05,1,239,5354,3611,0,0,0,0,1,0
3620,0.431889,0.431889,1271.237601,0.351171,0.05,0,239,5366,3621,0,0,0,1,0,0
3630,0.389945,0.389945,1275.965415,0.351506,0.05,0,239,5384,3631,1,0,0,0,0,0
3640,0.384207,0.384207,1280.388845,0.351755,0.05,0,239,5401,3641,0,0,0,0,1,0
3650,0.411085,0.411085,1285.303867,0.352138,0.05,0,239,5417,3651,1,0,0,0,0,0
3660,0.54112,0.54112,1288.894712,0.352157,0.05,0,240,5432,3661,0,1,0,0,0,0
3670,0.31922,0.31922,1291.999864,0.352044,0.05,0,241,5446,3671,1,0,0,0,0,0
3680,0.377295,0.377295,1295.163742,0.351947,0.05,0,242,5462,3681,0,1,0,0,0,0
3690,0.483383,0.483383,1300.271546,0.352377,0.05,0,242,5475,3691,0,0,0,0,1,0
3700,-0.937081,-0.937081,1303.102738,0.35219,0.05,1,243,5489,3701,0,0,0,1,0,0
3710,0.392358,0.392358,1307.397467,0.352398,0.05,0,243,5503,3711,0,0,0,1,0,0
3720,0.632119,0.632119,1312.158455,0.352731,0.05,0,243,5520,3721,1,0,0,0,0,0
3730,0.362199,0.362199,1313.888362,0.352249,0.05,0,245,5535,3731,1,0,0,0,0,0
3740,0.531778,0.531778,1317.782925,0.352348,0.05,0,245,5550,3741,0,0,0,0,0,1
3750,0.51827,0.51827,1321.991847,0.352531,0.05,0,245,5567,3751,1,0,0,0,0,0
3760,0.470616,0.470616,1324.92284,0.352373,0.05,0,246,5579,3761,0,0,0,1,0,0
3770,0.421759,0.421759,1329.449664,0.352639,0.05,0,246,5593,3771,0,0,0,0,0,1
3780,0.453496,0.453496,1333.164795,0.352689,0.05,0,246,5608,3781,1,0,0,0,0,0
3790,0.557103,0.557103,1338.210837,0.35309,0.05,0,246,5621,3791,0,0,1,0,0,0
3800,-0.89971,-0.89971,1339.565206,0.352517,0.05,1,248,5639,3801,1,0,0,0,0,0
3810,0.405279,0.405279,1343.662051,0.352667,0.05,0,248,5652,3811,1,0,0,0,0,0
3820,0.529298,0.529298,1348.115399,0.35291,0.05,0,248,5668,3821,0,0,0,1,0,0
3830,0.51882,0.51882,1352.326962,0.353088,0.05,0,248,5681,3831,1,0,0,0,0,0
3840,0.338372,0.338372,1355.257031,0.352932,0.05,0,249,5697,3841,1,0,0,0,0,0
3850,0.248923,0.248923,1360.199235,0.353299,0.05,0,249,5713,3851,1,0,0,0,0,0
3860,0.325208,0.325208,1364.252686,0.353433,0.05,0,249,5727,3861,0,0,0,1,0,0
3870,0.506641,0.506641,1369.088118,0.35377,0.05,0,249,5741,3871,1,0,0,0,0,0
3880,0.416011,0.416011,1373.200908,0.353918,0.05,0,249,5755,3881,0,0,1,0,0,0
3890,0.255448,0.255448,1376.343317,0.353816,0.05,0,250,5771,3891,1,0,0,0,0,0
3900,0.493641,0.493641,1380.921529,0.354082,0.05,0,250,5785,3901,0,1,0,0,0,0
3910,0.527822,0.527822,1384.966922,0.354211,0.05,0,250,5800,3911,0,0,0,0,0,1
3920,0.455257,0.455257,1388.317989,0.354163,0.05,0,251,5816,3921,0,1,0,0,0,0
3930,-0.856675,-0.856675,1388.162784,0.353222,0.05,1,255,5833,3931,0,0,0,0,1,0
3940,0.213984,0.213984,1392.473441,0.35342,0.05,0,255,5844,3941,0,0,0,0,0,1
3950,0.339224,0.339224,1393.809932,0.352863,0.05,0,257,5860,3951,0,0,1,0,0,0
3960,0.550506,0.550506,1398.124831,0.353062,0.05,0,257,5878,3961,0,0,1,0,0,0
3970,0.439113,0.439113,1402.543173,0.353285,0.05,0,257,5894,3971,0,0,0,0,0,1
3980,0.379219,0.379219,1405.650921,0.353179,0.05,0,258,5909,3981,0,0,0,1,0,0
3990,0.44728,0.44728,1409.65394,0.353297,0.05,0,258,5925,3991,0,1,0,0,0,0
4000,0.448783,0.448783,1414.593676,0.353648,0.05,0,258,5939,4001,0,0,0,0,0,1
4010,0.570772,0.570772,1418.902133,0.353841,0.05,0,258,5954,4011,0,0,0,1,0,0
4020,0.333382,0.333382,1420.704006,0.353409,0.05,0,260,5970,4021,0,0,0,1,0,0
4030,0.410649,0.410649,1425.176395,0.353642,0.05,0,260,5983,4031,1,0,0,0,0,0
4040,0.418073,0.418073,1428.817998,0.353668,0.05,0,261,6000,4041,0,0,0,0,1,0
4050,0.515166,0.515166,1433.03415,0.353836,0.05,0,261,6013,4051,0,1,0,0,0,0
4060,0.537447,0.537447,1437.612299,0.354092,0.05,0,261,6026,4061,0,1,0,0,0,0
4070,0.298719,0.298719,1439.369285,0.353653,0.05,0,263,6040,4071,0,1,0,0,0,0
4080,0.328943,0.328943,1443.504539,0.3538,0.05,0,263,6053,4081,0,0,0,0,1,0
4090,0.349881,0.349881,1446.531891,0.353675,0.05,0,264,6066,4091,0,0,0,1,0,0
4100,0.483628,0.483628,1450.183848,0.353703,0.05,0,265,6081,4101,0,0,0,1,0,0
4110,0.282269,0.282269,1454.265417,0.353836,0.05,0,265,6094,4111,0,0,0,1,0,0
4120,-0.844058,-0.844058,1457.903893,0.35386,0.05,1,266,6111,4121,0,0,1,0,0,0
4130,0.423312,0.423312,1462.297417,0.354067,0.05,0,266,6124,4131,1,0,0,0,0,0
4140,0.389309,0.389309,1465.13305,0.353897,0.05,0,267,6138,4141,0,0,0,0,1,0
4150,0.400689,0.400689,1470.039745,0.354226,0.05,0,267,6152,4151,0,1,0,0,0,0
4160,0.285641,0.285641,1474.0763,0.354345,0.05,0,267,6164,4161,1,0,0,0,0,0
4170,0.351098,0.351098,1475.836249,0.353918,0.05,0,269,6179,4171,0,0,0,0,1,0
4180,0.548481,0.548481,1478.761123,0.353771,0.05,0,270,6197,4181,0,0,1,0,0,0
4190,0.507388,0.507388,1483.267741,0.354002,0.05,0,270,6211,4191,0,0,0,0,1,0
4200,0.43185,0.43185,1486.094892,0.353832,0.05,0,271,6227,4201,0,0,0,0,0,1
4210,0.384599,0.384599,1487.812934,0.3534,0.05,0,273,6243,4211,0,0,0,1,0,0
4220,0.413818,0.413818,1492.340596,0.353635,0.05,0,273,6256,4221,0,0,0,1,0,0
4230,0.325158,0.325158,1495.250502,0.353487,0.05,0,274,6271,4231,0,1,0,0,0,0
4240,0.542356,0.542356,1499.31463,0.353612,0.05,0,274,6288,4241,0,1,0,0,0,0
4250,0.324988,0.324988,1503.644045,0.353799,0.05,0,274,6302,4251,0,0,1,0,0,0
4260,0.545611,0.545611,1505.513132,0.353407,0.05,0,276,6317,4261,0,0,1,0,0,0
4270,0.24853,0.24853,1508.28232,0.353228,0.05,0,277,6331,4271,0,0,1,0,0,0
4280,0.439034,0.439034,1512.279891,0.353336,0.05,0,277,6349,4281,0,0,0,0,0,1
4290,0.591436,0.591436,1513.809206,0.352869,0.05,0,279,6363,4291,0,0,1,0,0,0
4300,0.358701,0.358701,1516.65166,0.35271,0.05,0,280,6378,4301,0,1,0,0,0,0
4310,0.29355,0.29355,1521.137493,0.352932,0.05,0,280,6392,4311,0,0,1,0,0,0
4320,0.551759,0.551759,1522.631439,0.352461,0.05,0,282,6408,4321,0,0,0,1,0,0
4330,0.229123,0.229123,1526.533445,0.352548,0.05,0,282,6423,4331,0,0,1,0,0,0
4340,0.519148,0.519148,1530.539299,0.352659,0.05,0,282,6439,4341,0,0,1,0,0,0
4350,0.361653,0.361653,1533.466317,0.352521,0.05,0,283,6457,4351,1,0,0,0,0,0
4360,0.424516,0.424516,1531.405737,0.35124,0.05,0,288,6474,4361,1,0,0,0,0,0
4370,0.308305,0.308305,1535.783511,0.351438,0.05,0,288,6487,4371,0,0,0,0,0,1
4380,0.381438,0.381438,1539.967598,0.351591,0.05,0,288,6504,4381,0,0,1,0,0,0
4390,0.3252,0.3252,1544.287381,0.351774,0.05,0,288,6519,4391,0,0,0,1,0,0
4400,0.46471,0.46471,1548.510009,0.351934,0.05,0,288,6533,4401,0,0,0,1,0,0
4410,0.32273,0.32273,1552.653531,0.352076,0.05,0,288,6548,4411,0,0,0,0,1,0
4420,0.438945,0.438945,1555.348491,0.351889,0.05,0,289,6564,4421,0,0,0,1,0,0
4430,0.285975,0.285975,1560.100918,0.352167,0.05,0,289,6579,4431,0,1,0,0,0,0
4440,0.554365,0.554365,1563.378219,0.352112,0.05,0,290,6595,4441,0,0,1,0,0,0
4450,0.423653,0.423653,1568.169136,0.352398,0.05,0,290,6610,4451,0,0,0,0,0,1
4460,0.260756,0.260756,1572.196151,0.35251,0.05,0,290,6624,4461,1,0,0,0,0,0
4470,0.34532,0.34532,1576.310555,0.352642,0.05,0,290,6638,4471,0,1,0,0,0,0
4480,0.297527,0.297527,1578.539087,0.352352,0.05,0,291,6652,4481,0,1,0,0,0,0
4490,0.426016,0.426016,1581.343522,0.352192,0.05,0,292,6668,4491,0,0,0,0,0,1
4500,0.413259,0.413259,1585.488629,0.352331,0.05,0,292,6684,4501,0,1,0,0,0,0
4510,0.305522,0.305522,1590.019013,0.352554,0.05,0,292,6700,4511,0,0,0,0,0,1
4520,0.423631,0.423631,1592.708587,0.352369,0.05,0,293,6716,4521,0,0,1,0,0,0
4530,0.434201,0.434201,1595.550318,0.352219,0.05,0,294,6732,4531,0,0,1,0,0,0
4540,0.304826,0.304826,1600.653749,0.352567,0.05,0,294,6747,4541,0,0,0,0,1,0
4550,0.411936,0.411936,1604.384542,0.352612,0.05,0,294,6763,4551,0,0,1,0,0,0
4560,0.468904,0.468904,1608.904299,0.35283,0.05,0,294,6779,4561,0,0,0,1,0,0
4570,0.505212,0.505212,1612.926113,0.352938,0.05,0,294,6794,4571,1,0,0,0,0,0
4580,0.427141,0.427141,1615.374715,0.352702,0.05,0,295,6808,4581,0,0,0,0,0,1
4590,0.43501,0.43501,1619.591558,0.352852,0.05,0,295,6820,4591,0,0,1,0,0,0
4600,0.470721,0.470721,1622.639697,0.352748,0.05,0,296,6837,4601,0,0,0,1,0,0
4610,0.583032,0.583032,1626.156341,0.352745,0.05,0,297,6851,4611,0,0,0,0,1,0
4620,0.320681,0.320681,1629.444898,0.352694,0.05,0,298,6866,4621,0,0,0,1,0,0
4630,0.525148,0.525148,1632.77834,0.352652,0.05,0,299,6880,4631,0,0,1,0,0,0
4640,0.311251,0.311251,1634.872975,0.352343,0.05,0,301,6896,4641,0,0,0,1,0,0
4650,0.601025,0.601025,1636.769208,0.351993,0.05,0,303,6910,4651,0,0,0,0,0,1
4660,0.351029,0.351029,1640.517273,0.352042,0.05,0,303,6925,4661,0,0,0,1,0,0
4670,0.439586,0.439586,1644.164388,0.352069,0.05,0,304,6943,4671,1,0,0,0,0,0
4680,0.385665,0.385665,1647.414593,0.352012,0.05,0,305,6957,4681,0,0,0,1,0,0
4690,0.479699,0.479699,1652.361372,0.352316,0.05,0,305,6971,4691,1,0,0,0,0,0
4700,0.46373,0.46373,1655.609898,0.352257,0.05,0,306,6987,4701,0,0,0,1,0,0
4710,0.303431,0.303431,1659.776577,0.352394,0.05,0,306,6999,4711,0,0,0,0,0,1
4720,-0.861608,-0.861608,1662.322842,0.352187,0.05,1,307,7015,4721,1,0,0,0,0,0
4730,0.586283,0.586283,1665.927819,0.352205,0.05,0,308,7030,4731,0,0,1,0,0,0
4740,0.436952,0.436952,1669.23185,0.352159,0.05,0,309,7042,4741,0,0,0,0,0,1
4750,0.303687,0.303687,1673.175006,0.352247,0.05,0,309,7055,4751,0,1,0,0,0,0
4760,0.560681,0.560681,1674.795873,0.351848,0.05,0,311,7071,4761,1,0,0,0,0,0
4770,0.540436,0.540436,1679.484611,0.352093,0.05,0,311,7087,4771,1,0,0,0,0,0
4780,0.302696,0.302696,1684.131185,0.352329,0.05,0,311,7102,4781,0,1,0,0,0,0
4790,0.462309,0.462309,1688.215033,0.352446,0.05,0,311,7117,4791,1,0,0,0,0,0
4800,0.348462,0.348462,1691.409403,0.352377,0.05,0,312,7129,4801,0,0,0,0,1,0
4810,0.534805,0.534805,1694.906535,0.352371,0.05,0,313,7145,4811,0,0,0,0,1,0
4820,0.587069,0.587069,1697.910488,0.352264,0.05,0,314,7161,4821,0,0,1,0,0,0
4830,0.47084,0.47084,1701.185239,0.352212,0.05,0,315,7176,4831,0,1,0,0,0,0
4840,0.443479,0.443479,1705.640949,0.352405,0.05,0,315,7191,4841,0,0,0,0,1,0
4850,0.394149,0.394149,1708.742107,0.352318,0.05,0,316,7206,4851,0,0,0,1,0,0
4860,0.531896,0.531896,1712.003502,0.352264,0.05,0,317,7220,4861,1,0,0,0,0,0
4870,0.431223,0.431223,1714.96977,0.35215,0.05,0,318,7235,4871,0,0,1,0,0,0
4880,0.310307,0.310307,1719.07666,0.35227,0.05,0,318,7251,4881,0,0,0,1,0,0
4890,0.147668,0.147668,1722.497789,0.352249,0.05,0,318,7264,4891,0,1,0,0,0,0
4900,0.447401,0.447401,1727.485384,0.352548,0.05,0,318,7278,4901,0,0,0,0,0,1
4910,0.422834,0.422834,1731.621332,0.352672,0.05,0,318,7291,4911,0,1,0,0,0,0
4920,0.344543,0.344543,1734.103777,0.35246,0.05,0,319,7306,4921,0,0,1,0,0,0
4930,-0.938779,-0.938779,1736.842198,0.352301,0.05,1,320,7321,4931,0,1,0,0,0,0
4940,0.291346,0.291346,1741.087233,0.352447,0.05,0,320,7335,4941,0,0,0,0,1,0
4950,0.509684,0.509684,1745.851528,0.352697,0.05,0,320,7350,4951,0,0,0,0,1,0
4960,-0.846548,-0.846548,1747.537125,0.352326,0.05,1,322,7366,4961,0,0,0,0,0,1
4970,-0.90594,-0.90594,1750.775875,0.352269,0.05,1,323,7378,4971,0,0,0,0,1,0
4980,0.439375,0.439375,1754.077187,0.352224,0.05,0,324,7393,4981,0,1,0,0,0,0
4990,0.47116,0.47116,1757.165822,0.352137,0.05,0,325,7411,4991,0,0,1,0,0,0
5000,-0.8999,-0.8999,1758.935174,0.351787,0.05,1,327,7427,5001,0,1,0,0,0,0
